{
  "7826 loretto ave, philadelphia, pa": [40.0601079, -75.0605883],
  "12 rachel rd, richboro, pa": [40.2138258, -75.023214],
  "114 s main st, quakertown, pa": [40.4417, -75.3412],
  "828 elbow lane, warrington, pa 18976": [40.2454, -75.1407],
  "828 elbow lane, warrington, pa": [40.2454, -75.1407]
}
