{
  "116 manor dr, lansdale, pa 19446-1677": [
    40.2468789,
    -75.2619781
  ],
  "1700 penns ln, ambler, pa 19002": [
    40.1786866,
    -75.19484840000001
  ],
  "103 indian lake cir, lansdale, pa 19446": [
    40.2643205,
    -75.2424604
  ],
  "4574 summerhill dr, doylestown, pa 18902": [
    40.281,
    -75.095
  ],
  "1720 salt kettle cir, dresher, pa 19025": [
    40.1555066,
    -75.1562634
  ],
  "828 elbow lane, warrington, pa 18976": [
    40.2452126,
    -75.1534436
  ],
  "12 rachel rd, richboro, pa": [
    40.2138258,
    -75.023214
  ],
  "37 brinker dr, doylestown, pa 18901": [
    40.2786165,
    -75.15377749999999
  ],
  "1347 lower state rd, chalfont, pa 18914": [
    40.2693005,
    -75.1647005
  ],
  "103 derby ct, maple glen, pa 19002": [
    40.1720308,
    -75.18447429999999
  ],
  "1821 willow ave, willow grove, pa 19090": [
    40.1480877,
    -75.1371082
  ],
  "420 wyndon rd, ambler, pa 19002": [
    40.1897169,
    -75.20220549999999
  ],
  "100 terwood ln, lansdale, pa 19446": [
    40.246688,
    -75.2638734
  ],
  "2611 dekalb pike, east norriton, pa": [
    40.1389136,
    -75.3173948
  ],
  "148 golfview dr, ivyland, pa 18974": [
    40.21186780000001,
    -75.0526835
  ],
  "880 wooded pond rd, ambler, pa 19002": [
    40.1963046,
    -75.2141219
  ],
  "25 southwoods ln, doylestown, pa 18901": [
    40.2855531,
    -75.1173853
  ],
  "1700 thornbury ln, maple glen, pa 19002": [
    40.1778638,
    -75.1901565
  ],
  "7826 loretto ave, philadelphia, pa": [
    40.0601079,
    -75.06058829999999
  ],
  "112 greenfield ln, warrington, pa 18976": [
    40.2356617,
    -75.14795529999999
  ],
  "4636 everview dr, doylestown, pa 18902": [
    40.281,
    -75.095
  ],
  "1411 w fernbrook dr, warrington, pa 18976": [
    40.2441775,
    -75.1152097
  ],
  "943 langdon ave, horsham, pa 19044": [
    40.189951,
    -75.1820585
  ],
  "1335 michael way, lansdale, pa 19446-4443": [
    40.2422339,
    -75.32488409999999
  ],
  "1045 n west end blvd , quakertown pa": [
    40.4697164,
    -75.3659943
  ],
  "2546 damian dr, hatboro, pa 19040": [
    40.1666211,
    -75.0898048
  ],
  "1647 aidenn lair rd, dresher, pa 19025": [
    40.1545249,
    -75.164676
  ],
  "1 villa dr, ambler, pa 19002": [
    40.1517742,
    -75.20912659999999
  ],
  "210 somerset cir, chalfont, pa 18914": [
    40.2761309,
    -75.19179129999999
  ],
  "12 rachel rd, richboro, pa 18954": [
    40.2138258,
    -75.023214
  ],
  "1703 clinton dr, ambler, pa 19002": [
    40.1785347,
    -75.1978425
  ],
  "515 highland ave, ambler, pa 19002": [
    40.15039609999999,
    -75.209869
  ],
  "562 coach rd, horsham, pa 19044": [
    40.1810701,
    -75.156857
  ],
  "103 tree top ct, warwick, pa 18974": [
    40.2239939,
    -75.0833494
  ],
  "127 milbob dr, ivyland, pa 18974": [
    40.2145737,
    -75.0537741
  ],
  "4778 essex dr, doylestown, pa 18902": [
    40.281,
    -75.095
  ],
  "14 timber ln, hatboro, pa 19040": [
    40.1839883,
    -75.1080298
  ],
  "1514 huntly dr, warrington, pa 18976": [
    40.2473929,
    -75.1140473
  ],
  "108 country ln, lansdale, pa 19446": [
    40.2469715,
    -75.2690842
  ],
  "508 blackburn ct, chalfont, pa 18914": [
    40.2687612,
    -75.20206170000002
  ],
  "53 southwoods ln, doylestown, pa 18901": [
    40.2861854,
    -75.11580670000001
  ],
  "1008 meetinghouse rd, ambler, pa 19002": [
    40.1614058,
    -75.18670240000002
  ],
  "3016 delmonico st, chalfont, pa 18914": [
    40.286,
    -75.207
  ],
  "84 woodview dr, doylestown, pa 18901": [
    40.2928194,
    -75.11407969999999
  ],
  "451 cartwell ave, warrington, pa 18976": [
    40.2292512,
    -75.1459385
  ],
  "1426 shetland pl, ambler, pa 19002": [
    40.1576679,
    -75.19016189999999
  ],
  "21 bittersweet dr, doylestown, pa 18901": [
    40.2838543,
    -75.1490446
  ],
  "1327 dogwood dr, jamison, pa 18929": [
    40.2521379,
    -75.0791028
  ],
  "1564 derry dr, dresher, pa 19025": [
    40.1543055,
    -75.1677827
  ],
  "309 stout rd, ambler, pa 19002": [
    40.1732196,
    -75.2016173
  ]
}