{
  "40.06011,-75.06059|40.28385,-75.14904": 49.516666666666666,
  "40.28385,-75.14904|40.27862,-75.15378": 6.433333333333334,
  "40.27862,-75.15378|40.26930,-75.16470": 3.2333333333333334,
  "40.26930,-75.16470|40.24521,-75.15344": 6.35,
  "40.24521,-75.15344|40.14809,-75.13711": 20.016666666666666,
  "40.14809,-75.13711|40.15551,-75.15626": 5.35,
  "40.15551,-75.15626|40.15452,-75.16468": 2.033333333333333,
  "40.15452,-75.16468|40.15431,-75.16778": 0.8333333333333334,
  "40.15431,-75.16778|40.16141,-75.18670": 3.6,
  "40.16141,-75.18670|40.17203,-75.18447": 2.566666666666667,
  "40.17203,-75.18447|40.17786,-75.19016": 3.5166666666666666,
  "40.17786,-75.19016|40.17869,-75.19485": 2.35,
  "40.17869,-75.19485|40.24688,-75.26198": 13.883333333333333,
  "40.24688,-75.26198|40.24669,-75.26387": 0.5666666666666667,
  "40.24669,-75.26387|40.24697,-75.26908": 2.433333333333333,
  "40.24697,-75.26908|40.24521,-75.15344": 19.666666666666668,
  "40.24521,-75.15344|40.15767,-75.19016": 18.016666666666666,
  "40.15767,-75.19016|40.17322,-75.20162": 4.183333333333334,
  "40.17322,-75.20162|40.17853,-75.19784": 1.75,
  "40.17853,-75.19784|40.18995,-75.18206": 3.466666666666667,
  "40.18995,-75.18206|40.18107,-75.15686": 4.116666666666666,
  "40.18107,-75.15686|40.18399,-75.10803": 9.816666666666666,
  "40.18399,-75.10803|40.26432,-75.24246": 22.433333333333334,
  "40.26432,-75.24246|40.24521,-75.15344": 15.166666666666666,
  "40.21383,-75.02321|40.21383,-75.02321": 0.0,
  "40.21383,-75.02321|40.21187,-75.05268": 5.633333333333334,
  "40.21187,-75.05268|40.21457,-75.05377": 0.9833333333333333,
  "40.21457,-75.05377|40.22399,-75.08335": 6.55,
  "40.22399,-75.08335|40.25214,-75.07910": 7.366666666666666,
  "40.25214,-75.07910|40.16662,-75.08980": 18.533333333333335,
  "40.16662,-75.08980|40.24521,-75.15344": 19.466666666666665,
  "40.13891,-75.31739|40.24223,-75.32488": 22.666666666666668,
  "40.24223,-75.32488|40.19630,-75.21412": 18.733333333333334,
  "40.19630,-75.21412|40.18972,-75.20221": 3.216666666666667,
  "40.18972,-75.20221|40.26876,-75.20206": 15.416666666666666,
  "40.26876,-75.20206|40.27613,-75.19179": 2.683333333333333,
  "40.27613,-75.19179|40.28600,-75.20700": 4.666666666666667,
  "40.28600,-75.20700|40.15177,-75.20913": 22.266666666666666,
  "40.15177,-75.20913|40.15040,-75.20987": 0.23333333333333334,
  "40.15040,-75.20987|40.24521,-75.15344": 20.233333333333334,
  "40.46972,-75.36599|40.28100,-75.09500": 41.13333333333333,
  "40.28100,-75.09500|40.28100,-75.09500": 0.0,
  "40.28100,-75.09500|40.28619,-75.11581": 6.3,
  "40.28619,-75.11581|40.28555,-75.11739": 0.4,
  "40.28555,-75.11739|40.29282,-75.11408": 2.2333333333333334,
  "40.29282,-75.11408|40.24521,-75.15344": 11.383333333333333,
  "40.46972,-75.36599|40.24739,-75.11405": 43.56666666666667,
  "40.24739,-75.11405|40.24418,-75.11521": 1.4333333333333333,
  "40.24418,-75.11521|40.23566,-75.14796": 8.466666666666667,
  "40.23566,-75.14796|40.22925,-75.14594": 2.35,
  "40.22925,-75.14594|40.24521,-75.15344": 4.416666666666667,
  "40.06011,-75.06059|40.25214,-75.07910": 41.416666666666664,
  "40.25214,-75.07910|40.24521,-75.15344": 13.266666666666667,
  "40.22399,-75.08335|40.18399,-75.10803": 10.583333333333334,
  "40.18399,-75.10803|40.16662,-75.08980": 7.7,
  "40.27613,-75.19179|40.24739,-75.11405": 12.283333333333333,
  "40.24418,-75.11521|40.28600,-75.20700": 14.85,
  "40.28600,-75.20700|40.24521,-75.15344": 12.466666666666667,
  "40.46972,-75.36599|40.28385,-75.14904": 38.2,
  "40.26930,-75.16470|40.23566,-75.14796": 6.666666666666667,
  "40.15431,-75.16778|40.18107,-75.15686": 7.45,
  "40.18107,-75.15686|40.26432,-75.24246": 19.283333333333335,
  "40.26432,-75.24246|40.24688,-75.26198": 5.533333333333333,
  "40.24521,-75.15344|40.15040,-75.20987": 20.033333333333335,
  "40.15040,-75.20987|40.15177,-75.20913": 0.2,
  "40.15177,-75.20913|40.15767,-75.19016": 4.15,
  "40.15767,-75.19016|40.16141,-75.18670": 1.7333333333333334,
  "40.17869,-75.19485|40.17853,-75.19784": 0.8,
  "40.17853,-75.19784|40.17322,-75.20162": 1.6333333333333333,
  "40.17322,-75.20162|40.18995,-75.18206": 4.383333333333334,
  "40.18995,-75.18206|40.24521,-75.15344": 12.133333333333333,
  "40.18995,-75.18206|40.17322,-75.20162": 4.3,
  "40.17322,-75.20162|40.16662,-75.08980": 18.183333333333334,
  "40.25214,-75.07910|40.24739,-75.11405": 8.716666666666667,
  "40.24418,-75.11521|40.24521,-75.15344": 7.916666666666667,
  "40.24223,-75.32488|40.24697,-75.26908": 11.2,
  "40.24697,-75.26908|40.24669,-75.26387": 2.15,
  "40.24669,-75.26387|40.24688,-75.26198": 0.6,
  "40.24688,-75.26198|40.26432,-75.24246": 5.566666666666666,
  "40.26432,-75.24246|40.26876,-75.20206": 7.666666666666667,
  "40.46972,-75.36599|40.22925,-75.14594": 39.666666666666664,
  "40.22925,-75.14594|40.23566,-75.14796": 1.9333333333333333,
  "40.23566,-75.14796|40.24521,-75.15344": 3.3666666666666667,
  "40.18107,-75.15686|40.18972,-75.20221": 8.266666666666667,
  "40.18972,-75.20221|40.19630,-75.21412": 3.0833333333333335,
  "40.19630,-75.21412|40.18399,-75.10803": 16.183333333333334,
  "40.18399,-75.10803|40.24521,-75.15344": 14.75
}