{
  "40.06011,-75.06059|40.25214,-75.07910": 41.416666666666664,
  "40.25214,-75.07910|40.24521,-75.15344": 13.266666666666667,
  "40.21383,-75.02321|40.16662,-75.08980": 14.1,
  "40.16662,-75.08980|40.21383,-75.02321": 14.116666666666667,
  "40.21383,-75.02321|40.21187,-75.05268": 5.633333333333334,
  "40.21187,-75.05268|40.21457,-75.05377": 0.9833333333333333,
  "40.21457,-75.05377|40.18399,-75.10803": 12.433333333333334,
  "40.18399,-75.10803|40.22399,-75.08335": 10.066666666666666,
  "40.22399,-75.08335|40.24521,-75.15344": 11.733333333333333,
  "40.13891,-75.31739|40.24223,-75.32488": 22.666666666666668,
  "40.24223,-75.32488|40.19630,-75.21412": 18.733333333333334,
  "40.19630,-75.21412|40.18972,-75.20221": 3.216666666666667,
  "40.18972,-75.20221|40.26876,-75.20206": 15.416666666666666,
  "40.26876,-75.20206|40.27613,-75.19179": 2.683333333333333,
  "40.27613,-75.19179|40.28600,-75.20700": 4.666666666666667,
  "40.28600,-75.20700|40.24739,-75.11405": 14.466666666666667,
  "40.24739,-75.11405|40.24418,-75.11521": 1.4333333333333333,
  "40.24418,-75.11521|40.24521,-75.15344": 7.916666666666667,
  "40.46972,-75.36599|40.28555,-75.11739": 37.86666666666667,
  "40.28555,-75.11739|40.28619,-75.11581": 0.4,
  "40.28619,-75.11581|40.29282,-75.11408": 2.6333333333333333,
  "40.29282,-75.11408|40.28100,-75.09500": 4.733333333333333,
  "40.28100,-75.09500|40.28100,-75.09500": 0.0,
  "40.28100,-75.09500|40.24521,-75.15344": 13.483333333333333,
  "40.46972,-75.36599|40.27862,-75.15378": 39.0,
  "40.27862,-75.15378|40.28385,-75.14904": 6.416666666666667,
  "40.28385,-75.14904|40.26930,-75.16470": 6.183333333333334,
  "40.26930,-75.16470|40.23566,-75.14796": 6.666666666666667,
  "40.23566,-75.14796|40.22925,-75.14594": 2.35,
  "40.22925,-75.14594|40.24521,-75.15344": 4.416666666666667,
  "40.24521,-75.15344|40.24697,-75.26908": 19.783333333333335,
  "40.24697,-75.26908|40.15431,-75.16778": 20.75,
  "40.15431,-75.16778|40.15452,-75.16468": 0.8166666666666667,
  "40.15452,-75.16468|40.15551,-75.15626": 2.1166666666666667,
  "40.15551,-75.15626|40.14809,-75.13711": 5.1,
  "40.14809,-75.13711|40.18107,-75.15686": 8.433333333333334,
  "40.18107,-75.15686|40.24688,-75.26198": 18.95,
  "40.24688,-75.26198|40.24669,-75.26387": 0.5666666666666667,
  "40.24669,-75.26387|40.26432,-75.24246": 6.166666666666667,
  "40.26432,-75.24246|40.24521,-75.15344": 15.166666666666666,
  "40.24521,-75.15344|40.16141,-75.18670": 16.5,
  "40.16141,-75.18670|40.15767,-75.19016": 1.8333333333333333,
  "40.15767,-75.19016|40.15177,-75.20913": 4.066666666666666,
  "40.15177,-75.20913|40.15040,-75.20987": 0.23333333333333334,
  "40.15040,-75.20987|40.17322,-75.20162": 4.95,
  "40.17322,-75.20162|40.17853,-75.19784": 1.75,
  "40.17853,-75.19784|40.17869,-75.19485": 0.7333333333333333,
  "40.17869,-75.19485|40.17786,-75.19016": 2.3833333333333333,
  "40.17786,-75.19016|40.17203,-75.18447": 3.2666666666666666,
  "40.17203,-75.18447|40.18995,-75.18206": 4.0,
  "40.18995,-75.18206|40.24521,-75.15344": 12.133333333333333
}